0001.png,[0. 0. 0. 0.],[[[0 0 0]]],0
0002.png,[0. 0. 0. 0.],[[[0 0 0]]],0
0003.png,[0. 0. 0. 0.],[[[0 0 0]]],0
0004.png,[0. 0. 0. 0.],[[[0 0 0]]],0
0005.png,[0. 0. 0. 0.],[[[0 0 0]]],0
0006.png,[0. 0. 0. 0.],[[[0 0 0]]],0
0007.png,[0. 0. 0. 0.],[[[0 0 0]]],0
0008.png,[0. 0. 0. 0.],[[[0 0 0]]],0
0009.png,[0. 0. 0. 0.],[[[0 0 0]]],0
0010.png,[0. 0. 0. 0.],[[[0 0 0]]],0
0011.png,[0. 0. 0. 0.],[[[0 0 0]]],0
0012.png,[0. 0. 0. 0.],[[[0 0 0]]],0
0013.png,[0. 0. 0. 0.],[[[0 0 0]]],0
0014.png,[0. 0. 0. 0.],[[[0 0 0]]],0
0015.png,[0. 0. 0. 0.],[[[0 0 0]]],0
0016.png,[0. 0. 0. 0.],[[[0 0 0]]],0
0017.png,[0. 0. 0. 0.],[[[0 0 0]]],0
0018.png,[0. 0. 0. 0.],[[[0 0 0]]],0
0019.png,[0. 0. 0. 0.],[[[0 0 0]]],0
0020.png,[0. 0. 0. 0.],[[[0 0 0]]],0
0021.png,[0. 0. 0. 0.],[[[0 0 0]]],0
0022.png,[0. 0. 0. 0.],[[[0 0 0]]],0
0023.png,[0. 0. 0. 0.],[[[0 0 0]]],0
0024.png,[0. 0. 0. 0.],[[[0 0 0]]],0
0025.png,[0. 0. 0. 0.],[[[0 0 0]]],0
0026.png,[0. 0. 0. 0.],[[[0 0 0]]],0
0027.png,[0. 0. 0. 0.],[[[0 0 0]]],0
0028.png,[0. 0. 0. 0.],[[[0 0 0]]],0
0029.png,[0. 0. 0. 0.],[[[0 0 0]]],0
0030.png,[0. 0. 0. 0.],[[[0 0 0]]],0
0031.png,[0. 0. 0. 0.],[[[0 0 0]]],0
0032.png,[0. 0. 0. 0.],[[[0 0 0]]],0
0033.png,[0. 0. 0. 0.],[[[0 0 0]]],0
0034.png,[0. 0. 0. 0.],[[[0 0 0]]],0
0035.png,[0. 0. 0. 0.],[[[0 0 0]]],0
0036.png,[0. 0. 0. 0.],[[[0 0 0]]],0
0037.png,[0. 0. 0. 0.],[[[0 0 0]]],0
0038.png,[0. 0. 0. 0.],[[[0 0 0]]],0
0039.png,[0. 0. 0. 0.],[[[0 0 0]]],0
0040.png,[0. 0. 0. 0.],[[[0 0 0]]],0
0041.png,[0. 0. 0. 0.],[[[0 0 0]]],0
0042.png,[0. 0. 0. 0.],[[[0 0 0]]],0
0043.png,[0. 0. 0. 0.],[[[0 0 0]]],0
0044.png,[0. 0. 0. 0.],[[[0 0 0]]],0
0045.png,[0. 0. 0. 0.],[[[0 0 0]]],0
0046.png,[0. 0. 0. 0.],[[[0 0 0]]],0
0047.png,[0. 0. 0. 0.],[[[0 0 0]]],0
0048.png,[0. 0. 0. 0.],[[[0 0 0]]],0
0049.png,[0. 0. 0. 0.],[[[0 0 0]]],0
0050.png,[0. 0. 0. 0.],[[[0 0 0]]],0
0051.png,[0. 0. 0. 0.],[[[0 0 0]]],0
0052.png,[0. 0. 0. 0.],[[[0 0 0]]],0
0053.png,[0. 0. 0. 0.],[[[0 0 0]]],0
0054.png,[0. 0. 0. 0.],[[[0 0 0]]],0
0055.png,[0. 0. 0. 0.],[[[0 0 0]]],0
0056.png,[0. 0. 0. 0.],[[[0 0 0]]],0
0057.png,[0. 0. 0. 0.],[[[0 0 0]]],0
0058.png,[0. 0. 0. 0.],[[[0 0 0]]],0
0059.png,[0. 0. 0. 0.],[[[0 0 0]]],0
0060.png,[0. 0. 0. 0.],[[[0 0 0]]],0
0061.png,[0. 0. 0. 0.],[[[0 0 0]]],0
0062.png,[0. 0. 0. 0.],[[[0 0 0]]],0
0063.png,[0. 0. 0. 0.],[[[0 0 0]]],0
0064.png,[0. 0. 0. 0.],[[[0 0 0]]],0
0065.png,[0. 0. 0. 0.],[[[0 0 0]]],0
0066.png,[0. 0. 0. 0.],[[[0 0 0]]],0
0067.png,[0. 0. 0. 0.],[[[0 0 0]]],0
0068.png,[0. 0. 0. 0.],[[[0 0 0]]],0
0069.png,[0. 0. 0. 0.],[[[0 0 0]]],0
0070.png,[0. 0. 0. 0.],[[[0 0 0]]],0
0071.png,[0. 0. 0. 0.],[[[0 0 0]]],0
0072.png,[0. 0. 0. 0.],[[[0 0 0]]],0
0073.png,[0. 0. 0. 0.],[[[0 0 0]]],0
0074.png,[0. 0. 0. 0.],[[[0 0 0]]],0
0075.png,[0. 0. 0. 0.],[[[0 0 0]]],0
0076.png,[0. 0. 0. 0.],[[[0 0 0]]],0
0077.png,[0. 0. 0. 0.],[[[0 0 0]]],0
0078.png,[0. 0. 0. 0.],[[[0 0 0]]],0
0079.png,[0. 0. 0. 0.],[[[0 0 0]]],0
0080.png,[0. 0. 0. 0.],[[[0 0 0]]],0
0081.png,[0. 0. 0. 0.],[[[0 0 0]]],0
0082.png,[0. 0. 0. 0.],[[[0 0 0]]],0
0083.png,[0. 0. 0. 0.],[[[0 0 0]]],0
0084.png,[0. 0. 0. 0.],[[[0 0 0]]],0
0085.png,[0. 0. 0. 0.],[[[0 0 0]]],0
0086.png,[0. 0. 0. 0.],[[[0 0 0]]],0
0087.png,[0. 0. 0. 0.],[[[0 0 0]]],0
0088.png,[0. 0. 0. 0.],[[[0 0 0]]],0
0089.png,[0. 0. 0. 0.],[[[0 0 0]]],0
0090.png,[0. 0. 0. 0.],[[[0 0 0]]],0
0091.png,[0. 0. 0. 0.],[[[0 0 0]]],0
0092.png,[0. 0. 0. 0.],[[[0 0 0]]],0
0093.png,[0. 0. 0. 0.],[[[0 0 0]]],0
0094.png,[0. 0. 0. 0.],[[[0 0 0]]],0
0095.png,[0. 0. 0. 0.],[[[0 0 0]]],0
0096.png,[0. 0. 0. 0.],[[[0 0 0]]],0
0097.png,[0. 0. 0. 0.],[[[0 0 0]]],0
0098.png,[0. 0. 0. 0.],[[[0 0 0]]],0
0099.png,[0. 0. 0. 0.],[[[0 0 0]]],0
0100.png,[0. 0. 0. 3.],[[[0 0 0]]],0
0101.png,[0. 0. 0. 0.],[[[0 0 0]]],0
0102.png,[0. 0. 0. 0.],[[[0 0 0]]],0
0103.png,[0. 0. 0. 0.],[[[0 0 0]]],0
0104.png,[0. 0. 0. 0.],[[[0 0 0]]],0
0105.png,[0. 0. 0. 0.],[[[0 0 0]]],0
0106.png,[0. 0. 0. 0.],[[[0 0 0]]],0
0107.png,[0. 0. 0. 0.],[[[0 0 0]]],0
0108.png,[0. 0. 0. 0.],[[[0 0 0]]],0
0109.png,[0. 0. 0. 0.],[[[0 0 0]]],0
0110.png,[0. 0. 0. 0.],[[[0 0 0]]],0
0111.png,[0. 0. 0. 0.],[[[0 0 0]]],0
0112.png,[0. 0. 0. 0.],[[[0 0 0]]],0
0113.png,[0. 0. 0. 0.],[[[0 0 0]]],0
0114.png,[0. 0. 0. 0.],[[[0 0 0]]],0
0115.png,[0. 0. 0. 0.],[[[0 0 0]]],0
0116.png,[0. 0. 0. 0.],[[[0 0 0]]],0
0117.png,[0. 0. 0. 0.],[[[0 0 0]]],0
0118.png,[0. 0. 0. 0.],[[[0 0 0]]],0
0119.png,[0. 0. 0. 0.],[[[0 0 0]]],0
0120.png,[0. 0. 0. 0.],[[[0 0 0]]],0
0121.png,[0. 0. 0. 0.],[[[0 0 0]]],0
0122.png,[0. 0. 0. 0.],[[[0 0 0]]],0
0123.png,[0. 0. 0. 0.],[[[0 0 0]]],0
0124.png,[0. 0. 0. 0.],[[[0 0 0]]],0
0125.png,[0. 0. 0. 0.],[[[0 0 0]]],0
0126.png,[0. 0. 0. 0.],[[[0 0 0]]],0
0127.png,[0. 0. 0. 0.],[[[0 0 0]]],0
0128.png,[0. 0. 0. 0.],[[[0 0 0]]],0
0129.png,[0. 0. 0. 0.],[[[0 0 0]]],0
0130.png,[0. 0. 0. 0.],[[[0 0 0]]],0
0131.png,[0. 0. 0. 0.],[[[0 0 0]]],0
0132.png,[0. 0. 0. 0.],[[[0 0 0]]],0
0133.png,[0. 0. 0. 0.],[[[0 0 0]]],0
0134.png,[0. 0. 0. 0.],[[[0 0 0]]],0
0135.png,[0. 0. 0. 0.],[[[0 0 0]]],0
0136.png,[0. 0. 0. 0.],[[[0 0 0]]],0
0137.png,[0. 0. 0. 0.],[[[0 0 0]]],0
0138.png,[0. 0. 0. 0.],[[[0 0 0]]],0
0139.png,[0. 0. 0. 0.],[[[0 0 0]]],0
0140.png,[0. 0. 0. 0.],[[[0 0 0]]],0
0141.png,[0. 0. 0. 0.],[[[0 0 0]]],0
0142.png,[0. 0. 0. 0.],[[[0 0 0]]],0
0143.png,[0. 0. 0. 0.],[[[0 0 0]]],0
0144.png,[0. 0. 0. 0.],[[[0 0 0]]],0
0145.png,[0. 0. 0. 0.],[[[0 0 0]]],0
0146.png,[0. 0. 0. 0.],[[[0 0 0]]],0
0147.png,[0. 0. 0. 0.],[[[0 0 0]]],0
0148.png,[0. 0. 0. 0.],[[[0 0 0]]],0
0149.png,[0. 0. 0. 0.],[[[0 0 0]]],0
0150.png,[0. 0. 0. 0.],[[[0 0 0]]],0
0151.png,[0. 0. 0. 0.],[[[0 0 0]]],0
0152.png,[0. 0. 0. 0.],[[[0 0 0]]],0
0153.png,[0. 0. 0. 0.],[[[0 0 0]]],0
0154.png,[0. 0. 0. 0.],[[[0 0 0]]],0
0155.png,[0. 0. 0. 0.],[[[0 0 0]]],0
0156.png,[0. 0. 0. 0.],[[[0 0 0]]],0
0157.png,[0. 0. 0. 0.],[[[0 0 0]]],0
0158.png,[0. 0. 0. 0.],[[[0 0 0]]],0
0159.png,[0. 0. 0. 0.],[[[0 0 0]]],0
0160.png,[0. 0. 0. 0.],[[[0 0 0]]],0
0161.png,[0. 0. 0. 0.],[[[0 0 0]]],0
0162.png,[0. 0. 0. 0.],[[[0 0 0]]],0
0163.png,[0. 0. 0. 0.],[[[0 0 0]]],0
0164.png,[0. 0. 0. 0.],[[[0 0 0]]],0
0165.png,[0. 0. 0. 0.],[[[0 0 0]]],0
0166.png,[0. 0. 0. 0.],[[[0 0 0]]],0
0167.png,[0. 0. 0. 0.],[[[0 0 0]]],0
0168.png,[0. 0. 0. 0.],[[[0 0 0]]],0
0169.png,[0. 0. 0. 0.],[[[0 0 0]]],0
0170.png,[0. 0. 0. 0.],[[[0 0 0]]],0
0171.png,[0. 0. 0. 0.],[[[0 0 0]]],0
0172.png,[0. 0. 0. 0.],[[[0 0 0]]],0
0173.png,[0. 0. 0. 0.],[[[0 0 0]]],0
0174.png,[0. 0. 0. 0.],[[[0 0 0]]],0
0175.png,[0. 0. 0. 0.],[[[0 0 0]]],0
0176.png,[0. 0. 0. 0.],[[[0 0 0]]],0
0177.png,[0. 0. 0. 0.],[[[0 0 0]]],0
0178.png,[0. 0. 0. 0.],[[[0 0 0]]],0
0179.png,[0. 0. 0. 0.],[[[0 0 0]]],0
0180.png,[0. 0. 0. 0.],[[[0 0 0]]],0
0181.png,[0. 0. 0. 0.],[[[0 0 0]]],0
0182.png,[0. 0. 0. 0.],[[[0 0 0]]],0
0183.png,[0. 0. 0. 0.],[[[0 0 0]]],0
0184.png,[0. 0. 0. 0.],[[[0 0 0]]],0
0185.png,[0. 0. 0. 0.],[[[0 0 0]]],0
0186.png,[0. 0. 0. 0.],[[[0 0 0]]],0
0187.png,[0. 0. 0. 0.],[[[0 0 0]]],0
0188.png,[0. 0. 0. 0.],[[[0 0 0]]],0
0189.png,[0. 0. 0. 0.],[[[0 0 0]]],0
0190.png,[0. 0. 0. 0.],[[[0 0 0]]],0
0191.png,[0. 0. 0. 0.],[[[0 0 0]]],0
0192.png,[0. 0. 0. 0.],[[[0 0 0]]],0
0193.png,[0. 0. 0. 0.],[[[0 0 0]]],0
0194.png,[0. 0. 0. 0.],[[[0 0 0]]],0
0195.png,[0. 0. 0. 0.],[[[0 0 0]]],0
0196.png,[0. 0. 0. 0.],[[[0 0 0]]],0
0197.png,[0. 0. 0. 0.],[[[0 0 0]]],0
0198.png,[0. 0. 0. 0.],[[[0 0 0]]],0
0199.png,[0. 0. 0. 0.],[[[0 0 0]]],0
0200.png,[0. 0. 0. 0.],[[[0 0 0]]],0
0201.png,[0. 0. 0. 0.],[[[0 0 0]]],0
0202.png,[0. 0. 0. 0.],[[[0 0 0]]],0
0203.png,[0. 0. 0. 0.],[[[0 0 0]]],0
0204.png,[0. 0. 0. 0.],[[[0 0 0]]],0
0205.png,[0. 0. 0. 0.],[[[0 0 0]]],0
0206.png,[0. 0. 0. 0.],[[[0 0 0]]],0
0207.png,[0. 0. 0. 0.],[[[0 0 0]]],0
0208.png,[0. 0. 0. 0.],[[[0 0 0]]],0
0209.png,[0. 0. 0. 0.],[[[0 0 0]]],0
0210.png,[0. 0. 0. 0.],[[[0 0 0]]],0
0211.png,[0. 0. 0. 0.],[[[0 0 0]]],0
0212.png,[0. 0. 0. 0.],[[[0 0 0]]],0
0213.png,[0. 0. 0. 0.],[[[0 0 0]]],0
0214.png,[0. 0. 0. 0.],[[[0 0 0]]],0
0215.png,[0. 0. 0. 0.],[[[0 0 0]]],0
0216.png,[0. 0. 0. 0.],[[[0 0 0]]],0
0217.png,[0. 0. 0. 0.],[[[0 0 0]]],0
0218.png,[0. 0. 0. 0.],[[[0 0 0]]],0
0219.png,[0. 0. 0. 0.],[[[0 0 0]]],0
0220.png,[0. 0. 0. 0.],[[[0 0 0]]],0
0221.png,[0. 0. 0. 0.],[[[0 0 0]]],0
0222.png,[0. 0. 0. 0.],[[[0 0 0]]],0
0223.png,[0. 0. 0. 0.],[[[0 0 0]]],0
0224.png,[0. 0. 0. 0.],[[[0 0 0]]],0
0225.png,[0. 0. 0. 0.],[[[0 0 0]]],0
0226.png,[0. 0. 0. 0.],[[[0 0 0]]],0
0227.png,[0. 0. 0. 0.],[[[0 0 0]]],0
0228.png,[0. 0. 0. 0.],[[[0 0 0]]],0
0229.png,[0. 0. 0. 0.],[[[0 0 0]]],0
0230.png,[0. 0. 0. 0.],[[[0 0 0]]],0
0231.png,[0. 0. 0. 0.],[[[0 0 0]]],0
0232.png,[0. 0. 0. 0.],[[[0 0 0]]],0
0233.png,[0. 0. 0. 0.],[[[0 0 0]]],0
0234.png,[0. 0. 0. 0.],[[[0 0 0]]],0
0235.png,[0. 0. 0. 0.],[[[0 0 0]]],0
0236.png,[0. 0. 0. 0.],[[[0 0 0]]],0
0237.png,[0. 0. 0. 0.],[[[0 0 0]]],0
0238.png,[0. 0. 0. 0.],[[[0 0 0]]],0
0239.png,[0. 0. 0. 0.],[[[0 0 0]]],0
0240.png,[0. 0. 0. 0.],[[[0 0 0]]],0
0241.png,[0. 0. 0. 0.],[[[0 0 0]]],0
0242.png,[0. 0. 0. 0.],[[[0 0 0]]],0
0243.png,[0. 0. 0. 0.],[[[0 0 0]]],0
0244.png,[0. 0. 0. 0.],[[[0 0 0]]],0
0245.png,[0. 0. 0. 0.],[[[0 0 0]]],0
0246.png,[0. 0. 0. 0.],[[[0 0 0]]],0
0247.png,[0. 0. 0. 0.],[[[0 0 0]]],0
0248.png,[0. 0. 0. 0.],[[[0 0 0]]],0
0249.png,[0. 0. 0. 0.],[[[0 0 0]]],0
0250.png,[0. 0. 0. 0.],[[[0 0 0]]],0
0251.png,[0. 0. 0. 0.],[[[0 0 0]]],0
0252.png,[0. 0. 0. 0.],[[[0 0 0]]],0
0253.png,[0. 0. 0. 0.],[[[0 0 0]]],0
0254.png,[0. 0. 0. 0.],[[[0 0 0]]],0
0255.png,[0. 0. 0. 0.],[[[0 0 0]]],0
0256.png,[0. 0. 0. 0.],[[[0 0 0]]],0
0257.png,[0. 0. 0. 0.],[[[0 0 0]]],0
0258.png,[0. 0. 0. 0.],[[[0 0 0]]],0
0259.png,[0. 0. 0. 0.],[[[0 0 0]]],0
0260.png,[0. 0. 0. 0.],[[[0 0 0]]],0
0261.png,[0. 0. 0. 0.],[[[0 0 0]]],0
0262.png,[0. 0. 0. 0.],[[[0 0 0]]],0
0263.png,[0. 0. 0. 0.],[[[0 0 0]]],0
0264.png,[0. 0. 0. 0.],[[[0 0 0]]],0
0265.png,[0. 0. 0. 0.],[[[0 0 0]]],0
0266.png,[0. 0. 0. 0.],[[[0 0 0]]],0
0267.png,[0. 0. 0. 0.],[[[0 0 0]]],0
0268.png,[0. 0. 0. 0.],[[[0 0 0]]],0
0269.png,[0. 0. 0. 0.],[[[0 0 0]]],0
0270.png,[0. 0. 0. 0.],[[[0 0 0]]],0
0271.png,[0. 0. 0. 0.],[[[0 0 0]]],0
0272.png,[0. 0. 0. 0.],[[[0 0 0]]],0
0273.png,[0. 0. 0. 0.],[[[0 0 0]]],0
0274.png,[0. 0. 0. 0.],[[[0 0 0]]],0
0275.png,[0. 0. 0. 0.],[[[0 0 0]]],0
0276.png,[0. 0. 0. 0.],[[[0 0 0]]],0
0277.png,[0. 0. 0. 0.],[[[0 0 0]]],0
0278.png,[0. 0. 0. 0.],[[[0 0 0]]],0
0279.png,[0. 0. 0. 0.],[[[0 0 0]]],0
0280.png,[0. 0. 0. 0.],[[[0 0 0]]],0
0281.png,[0. 0. 0. 0.],[[[0 0 0]]],0
0282.png,[0. 0. 0. 0.],[[[0 0 0]]],0
0283.png,[0. 0. 0. 0.],[[[0 0 0]]],0
0284.png,[0. 0. 0. 0.],[[[0 0 0]]],0
0285.png,[0. 0. 0. 0.],[[[0 0 0]]],0
0286.png,[0. 0. 0. 0.],[[[0 0 0]]],0
0287.png,[0. 0. 0. 0.],[[[0 0 0]]],0
0288.png,[0. 0. 0. 0.],[[[0 0 0]]],0
0289.png,[0. 0. 0. 0.],[[[0 0 0]]],0
0290.png,[0. 0. 0. 0.],[[[0 0 0]]],0
0291.png,[0. 0. 0. 0.],[[[0 0 0]]],0
0292.png,[0. 0. 0. 0.],[[[0 0 0]]],0
0293.png,[0. 0. 0. 0.],[[[0 0 0]]],0
0294.png,[0. 0. 0. 0.],[[[0 0 0]]],0
0295.png,[0. 0. 0. 0.],[[[0 0 0]]],0
0296.png,[0. 0. 0. 0.],[[[0 0 0]]],0
0297.png,[0. 0. 0. 0.],[[[0 0 0]]],0
0298.png,[0. 0. 0. 0.],[[[0 0 0]]],0
0299.png,[0. 0. 0. 0.],[[[0 0 0]]],0
0300.png,[0. 0. 0. 0.],[[[0 0 0]]],0
0301.png,[0. 0. 0. 0.],[[[0 0 0]]],0
0302.png,[0. 0. 0. 0.],[[[0 0 0]]],0
0303.png,[0. 0. 0. 0.],[[[0 0 0]]],0
0304.png,[0. 0. 0. 0.],[[[0 0 0]]],0
0305.png,[0. 0. 0. 0.],[[[0 0 0]]],0
0306.png,[0. 0. 0. 0.],[[[0 0 0]]],0
0307.png,[0. 0. 0. 0.],[[[0 0 0]]],0
0308.png,[0. 0. 0. 0.],[[[0 0 0]]],0
0309.png,[0. 0. 0. 0.],[[[0 0 0]]],0
0310.png,[0. 0. 0. 0.],[[[0 0 0]]],0
0311.png,[0. 0. 0. 0.],[[[0 0 0]]],0
0312.png,[0. 0. 0. 0.],[[[0 0 0]]],0
0313.png,[0. 0. 0. 0.],[[[0 0 0]]],0
0314.png,[0. 0. 0. 0.],[[[0 0 0]]],0
0315.png,[0. 0. 0. 0.],[[[0 0 0]]],0
0316.png,[0. 0. 0. 0.],[[[0 0 0]]],0
0317.png,[0. 0. 0. 0.],[[[0 0 0]]],0
0318.png,[0. 0. 0. 0.],[[[0 0 0]]],0
0319.png,[0. 0. 0. 0.],[[[0 0 0]]],0
0320.png,[0. 0. 0. 0.],[[[0 0 0]]],0
0321.png,[0. 0. 0. 0.],[[[0 0 0]]],0
0322.png,[0. 0. 0. 0.],[[[0 0 0]]],0
0323.png,[0. 0. 0. 0.],[[[0 0 0]]],0
0324.png,[0. 0. 0. 0.],[[[0 0 0]]],0
0325.png,[0. 0. 0. 0.],[[[0 0 0]]],0
0326.png,[0. 0. 0. 0.],[[[0 0 0]]],0
0327.png,[0. 0. 0. 0.],[[[0 0 0]]],0
0328.png,[0. 0. 0. 0.],[[[0 0 0]]],0
0329.png,[0. 0. 0. 0.],[[[0 0 0]]],0
0330.png,[0. 0. 0. 0.],[[[0 0 0]]],0
0331.png,[0. 0. 0. 0.],[[[0 0 0]]],0
0332.png,[0. 0. 0. 0.],[[[0 0 0]]],0
0333.png,[0. 0. 0. 0.],[[[0 0 0]]],0
0334.png,[0. 0. 0. 0.],[[[0 0 0]]],0
0335.png,[0. 0. 0. 0.],[[[0 0 0]]],0
0336.png,[0. 0. 0. 0.],[[[0 0 0]]],0
0337.png,[0. 0. 0. 0.],[[[0 0 0]]],0
0338.png,[0. 0. 0. 0.],[[[0 0 0]]],0
0339.png,[0. 0. 0. 0.],[[[0 0 0]]],0
0340.png,[0. 0. 0. 0.],[[[0 0 0]]],0
0341.png,[0. 0. 0. 0.],[[[0 0 0]]],0
0342.png,[0. 0. 0. 0.],[[[0 0 0]]],0
0343.png,[0. 0. 0. 0.],[[[0 0 0]]],0
0344.png,[0. 0. 0. 0.],[[[0 0 0]]],0
0345.png,[0. 0. 0. 0.],[[[0 0 0]]],0
0346.png,[0. 0. 0. 0.],[[[0 0 0]]],0
0347.png,[0. 0. 0. 0.],[[[0 0 0]]],0
0348.png,[0. 0. 0. 0.],[[[0 0 0]]],0
0349.png,[0. 0. 0. 0.],[[[0 0 0]]],0
0350.png,[ 0.  3.  2. 16.],[[[ 40 255   3]]],40
0351.png,[0. 0. 0. 0.],[[[0 0 0]]],0
0352.png,[0. 0. 0. 0.],[[[0 0 0]]],0
0353.png,[0. 0. 0. 0.],[[[0 0 0]]],0
0354.png,[0. 0. 0. 0.],[[[0 0 0]]],0
0355.png,[0. 0. 0. 0.],[[[0 0 0]]],0
0356.png,[0. 0. 0. 0.],[[[0 0 0]]],0
0357.png,[0. 0. 0. 0.],[[[0 0 0]]],0
0358.png,[0. 0. 0. 0.],[[[0 0 0]]],0
0359.png,[0. 0. 0. 0.],[[[0 0 0]]],0
0360.png,[0. 0. 0. 0.],[[[0 0 0]]],0
0361.png,[0. 0. 0. 0.],[[[0 0 0]]],0
0362.png,[0. 0. 0. 0.],[[[0 0 0]]],0
0363.png,[0. 0. 0. 0.],[[[0 0 0]]],0
0364.png,[0. 0. 0. 0.],[[[0 0 0]]],0
0365.png,[0. 0. 0. 0.],[[[0 0 0]]],0
0366.png,[0. 0. 0. 0.],[[[0 0 0]]],0
0367.png,[0. 0. 0. 0.],[[[0 0 0]]],0
0368.png,[0. 0. 0. 0.],[[[0 0 0]]],0
0369.png,[0. 0. 0. 0.],[[[0 0 0]]],0
0370.png,[0. 0. 0. 0.],[[[0 0 0]]],0
0371.png,[0. 0. 0. 0.],[[[0 0 0]]],0
0372.png,[0. 0. 0. 0.],[[[0 0 0]]],0
0373.png,[0. 0. 0. 0.],[[[0 0 0]]],0
0374.png,[0. 0. 0. 0.],[[[0 0 0]]],0
0375.png,[0. 0. 0. 0.],[[[0 0 0]]],0
0376.png,[0. 0. 0. 0.],[[[0 0 0]]],0
0377.png,[0. 0. 0. 0.],[[[0 0 0]]],0
0378.png,[0. 0. 0. 0.],[[[0 0 0]]],0
0379.png,[0. 0. 0. 0.],[[[0 0 0]]],0
0380.png,[0. 0. 0. 0.],[[[0 0 0]]],0
0381.png,[0. 0. 0. 0.],[[[0 0 0]]],0
0382.png,[0. 0. 0. 0.],[[[0 0 0]]],0
0383.png,[0. 0. 0. 0.],[[[0 0 0]]],0
0384.png,[0. 0. 0. 0.],[[[0 0 0]]],0
0385.png,[0. 0. 0. 0.],[[[0 0 0]]],0
0386.png,[0. 0. 0. 0.],[[[0 0 0]]],0
0387.png,[0. 0. 0. 0.],[[[0 0 0]]],0
0388.png,[0. 0. 0. 0.],[[[0 0 0]]],0
0389.png,[0. 0. 0. 0.],[[[0 0 0]]],0
0390.png,[0. 0. 0. 0.],[[[0 0 0]]],0
0391.png,[0. 0. 0. 0.],[[[0 0 0]]],0
0392.png,[0. 0. 0. 0.],[[[0 0 0]]],0
0393.png,[0. 0. 0. 0.],[[[0 0 0]]],0
0394.png,[0. 0. 0. 0.],[[[0 0 0]]],0
0395.png,[0. 0. 0. 0.],[[[0 0 0]]],0
0396.png,[0. 0. 0. 0.],[[[0 0 0]]],0
0397.png,[0. 0. 0. 0.],[[[0 0 0]]],0
0398.png,[0. 0. 0. 0.],[[[0 0 0]]],0
0399.png,[0. 0. 0. 0.],[[[0 0 0]]],0
0400.png,[0. 0. 0. 0.],[[[0 0 0]]],0
0401.png,[0. 0. 0. 0.],[[[0 0 0]]],0
0402.png,[0. 0. 0. 0.],[[[0 0 0]]],0
0403.png,[0. 0. 0. 0.],[[[0 0 0]]],0
0404.png,[0. 0. 0. 0.],[[[0 0 0]]],0
0405.png,[0. 0. 0. 0.],[[[0 0 0]]],0
0406.png,[0. 0. 0. 0.],[[[0 0 0]]],0
0407.png,[0. 0. 0. 0.],[[[0 0 0]]],0
0408.png,[0. 0. 0. 0.],[[[0 0 0]]],0
0409.png,[0. 0. 0. 0.],[[[0 0 0]]],0
0410.png,[0. 0. 0. 0.],[[[0 0 0]]],0
0411.png,[0. 0. 0. 0.],[[[0 0 0]]],0
0412.png,[0. 0. 0. 0.],[[[0 0 0]]],0
0413.png,[0. 0. 0. 0.],[[[0 0 0]]],0
0414.png,[0. 0. 0. 0.],[[[0 0 0]]],0
0415.png,[0. 0. 0. 0.],[[[0 0 0]]],0
0416.png,[0. 0. 0. 0.],[[[0 0 0]]],0
0417.png,[0. 0. 0. 0.],[[[0 0 0]]],0
0418.png,[0. 0. 0. 0.],[[[0 0 0]]],0
0419.png,[0. 0. 0. 0.],[[[0 0 0]]],0
0420.png,[0. 0. 0. 0.],[[[0 0 0]]],0
0421.png,[0. 0. 0. 0.],[[[0 0 0]]],0
0422.png,[0. 0. 0. 0.],[[[0 0 0]]],0
0423.png,[0. 0. 0. 0.],[[[0 0 0]]],0
0424.png,[0. 0. 0. 0.],[[[0 0 0]]],0
0425.png,[0. 0. 0. 0.],[[[0 0 0]]],0
0426.png,[0. 0. 0. 0.],[[[0 0 0]]],0
0427.png,[0. 0. 0. 0.],[[[0 0 0]]],0
0428.png,[0. 0. 0. 0.],[[[0 0 0]]],0
0429.png,[0. 0. 0. 0.],[[[0 0 0]]],0
0430.png,[0. 0. 0. 0.],[[[0 0 0]]],0
0431.png,[0. 0. 0. 0.],[[[0 0 0]]],0
0432.png,[0. 0. 0. 0.],[[[0 0 0]]],0
0433.png,[0. 0. 0. 0.],[[[0 0 0]]],0
0434.png,[0. 0. 0. 0.],[[[0 0 0]]],0
0435.png,[0. 0. 0. 0.],[[[0 0 0]]],0
0436.png,[0. 0. 0. 0.],[[[0 0 0]]],0
0437.png,[0. 0. 0. 0.],[[[0 0 0]]],0
0438.png,[0. 0. 0. 0.],[[[0 0 0]]],0
0439.png,[0. 0. 0. 0.],[[[0 0 0]]],0
0440.png,[0. 0. 0. 0.],[[[0 0 0]]],0
0441.png,[0. 0. 0. 0.],[[[0 0 0]]],0
0442.png,[0. 0. 0. 0.],[[[0 0 0]]],0
0443.png,[0. 0. 0. 0.],[[[0 0 0]]],0
0444.png,[0. 0. 0. 0.],[[[0 0 0]]],0
0445.png,[0. 0. 0. 0.],[[[0 0 0]]],0
0446.png,[0. 0. 0. 0.],[[[0 0 0]]],0
0447.png,[0. 0. 0. 0.],[[[0 0 0]]],0
0448.png,[0. 0. 0. 0.],[[[0 0 0]]],0
0449.png,[0. 0. 0. 0.],[[[0 0 0]]],0
0450.png,[0. 0. 0. 0.],[[[0 0 0]]],0
0451.png,[0. 0. 0. 0.],[[[0 0 0]]],0
0452.png,[0. 0. 0. 0.],[[[0 0 0]]],0
0453.png,[0. 0. 0. 0.],[[[0 0 0]]],0
0454.png,[0. 0. 0. 0.],[[[0 0 0]]],0
0455.png,[0. 0. 0. 0.],[[[0 0 0]]],0
0456.png,[0. 0. 0. 0.],[[[0 0 0]]],0
0457.png,[0. 0. 0. 0.],[[[0 0 0]]],0
0458.png,[0. 0. 0. 0.],[[[0 0 0]]],0
0459.png,[0. 0. 0. 0.],[[[0 0 0]]],0
0460.png,[0. 0. 0. 0.],[[[0 0 0]]],0
0461.png,[0. 0. 0. 0.],[[[0 0 0]]],0
0462.png,[0. 0. 0. 0.],[[[0 0 0]]],0
0463.png,[0. 0. 0. 0.],[[[0 0 0]]],0
0464.png,[0. 0. 0. 0.],[[[0 0 0]]],0
0465.png,[0. 0. 0. 0.],[[[0 0 0]]],0
0466.png,[0. 0. 0. 0.],[[[0 0 0]]],0
0467.png,[0. 0. 0. 0.],[[[0 0 0]]],0
0468.png,[0. 0. 0. 0.],[[[0 0 0]]],0
0469.png,[0. 0. 0. 0.],[[[0 0 0]]],0
0470.png,[0. 0. 0. 0.],[[[0 0 0]]],0
0471.png,[0. 0. 0. 0.],[[[0 0 0]]],0
0472.png,[0. 0. 0. 0.],[[[0 0 0]]],0
0473.png,[0. 0. 0. 0.],[[[0 0 0]]],0
0474.png,[0. 0. 0. 0.],[[[0 0 0]]],0
0475.png,[0. 0. 0. 0.],[[[0 0 0]]],0
0476.png,[0. 0. 0. 0.],[[[0 0 0]]],0
0477.png,[0. 0. 0. 0.],[[[0 0 0]]],0
0478.png,[0. 0. 0. 0.],[[[0 0 0]]],0
0479.png,[0. 0. 0. 0.],[[[0 0 0]]],0
0480.png,[0. 0. 0. 0.],[[[0 0 0]]],0
0481.png,[0. 0. 0. 0.],[[[0 0 0]]],0
0482.png,[0. 0. 0. 0.],[[[0 0 0]]],0
0483.png,[0. 0. 0. 0.],[[[0 0 0]]],0
0484.png,[0. 0. 0. 0.],[[[0 0 0]]],0
0485.png,[0. 0. 0. 0.],[[[0 0 0]]],0
0486.png,[0. 0. 0. 0.],[[[0 0 0]]],0
0487.png,[0. 0. 0. 0.],[[[0 0 0]]],0
0488.png,[0. 0. 0. 0.],[[[0 0 0]]],0
0489.png,[0. 0. 0. 0.],[[[0 0 0]]],0
0490.png,[0. 0. 0. 0.],[[[0 0 0]]],0
0491.png,[0. 0. 0. 0.],[[[0 0 0]]],0
0492.png,[0. 0. 0. 0.],[[[0 0 0]]],0
0493.png,[0. 0. 0. 0.],[[[0 0 0]]],0
0494.png,[0. 0. 0. 0.],[[[0 0 0]]],0
0495.png,[0. 0. 0. 0.],[[[0 0 0]]],0
0496.png,[0. 0. 0. 0.],[[[0 0 0]]],0
0497.png,[0. 0. 0. 0.],[[[0 0 0]]],0
0498.png,[0. 0. 0. 0.],[[[0 0 0]]],0
0499.png,[0. 0. 0. 0.],[[[0 0 0]]],0
0500.png,[0. 0. 0. 0.],[[[0 0 0]]],0
0501.png,[0. 0. 0. 0.],[[[0 0 0]]],0
0502.png,[0. 0. 0. 0.],[[[0 0 0]]],0
0503.png,[0. 0. 0. 0.],[[[0 0 0]]],0
0504.png,[0. 0. 0. 0.],[[[0 0 0]]],0
0505.png,[0. 0. 0. 0.],[[[0 0 0]]],0
0506.png,[0. 0. 0. 0.],[[[0 0 0]]],0
0507.png,[0. 0. 0. 0.],[[[0 0 0]]],0
0508.png,[0. 0. 0. 0.],[[[0 0 0]]],0
0509.png,[0. 0. 0. 0.],[[[0 0 0]]],0
0510.png,[0. 0. 0. 0.],[[[0 0 0]]],0
0511.png,[0. 0. 0. 0.],[[[0 0 0]]],0
0512.png,[0. 0. 0. 0.],[[[0 0 0]]],0
0513.png,[0. 0. 0. 0.],[[[0 0 0]]],0
0514.png,[0. 0. 0. 0.],[[[0 0 0]]],0
0515.png,[0. 0. 0. 0.],[[[0 0 0]]],0
0516.png,[0. 0. 0. 0.],[[[0 0 0]]],0
0517.png,[0. 0. 0. 0.],[[[0 0 0]]],0
0518.png,[0. 0. 0. 0.],[[[0 0 0]]],0
0519.png,[0. 0. 0. 0.],[[[0 0 0]]],0
0520.png,[0. 0. 0. 0.],[[[0 0 0]]],0
0521.png,[0. 0. 0. 0.],[[[0 0 0]]],0
0522.png,[0. 0. 0. 0.],[[[0 0 0]]],0
0523.png,[0. 0. 0. 0.],[[[0 0 0]]],0
0524.png,[0. 0. 0. 0.],[[[0 0 0]]],0
0525.png,[0. 0. 0. 0.],[[[0 0 0]]],0
0526.png,[0. 0. 0. 0.],[[[0 0 0]]],0
0527.png,[0. 0. 0. 0.],[[[0 0 0]]],0
0528.png,[0. 0. 0. 0.],[[[0 0 0]]],0
0529.png,[0. 0. 0. 0.],[[[0 0 0]]],0
0530.png,[0. 0. 0. 0.],[[[0 0 0]]],0
0531.png,[0. 0. 0. 0.],[[[0 0 0]]],0
0532.png,[0. 0. 0. 0.],[[[0 0 0]]],0
0533.png,[0. 0. 0. 0.],[[[0 0 0]]],0
0534.png,[0. 0. 0. 0.],[[[0 0 0]]],0
0535.png,[0. 0. 0. 0.],[[[0 0 0]]],0
0536.png,[0. 0. 0. 0.],[[[0 0 0]]],0
0537.png,[0. 0. 0. 0.],[[[0 0 0]]],0
0538.png,[0. 0. 0. 0.],[[[0 0 0]]],0
0539.png,[0. 0. 0. 0.],[[[0 0 0]]],0
0540.png,[0. 0. 0. 0.],[[[0 0 0]]],0
0541.png,[0. 0. 0. 0.],[[[0 0 0]]],0
0542.png,[0. 0. 0. 0.],[[[0 0 0]]],0
0543.png,[0. 0. 0. 0.],[[[0 0 0]]],0
0544.png,[0. 0. 0. 0.],[[[0 0 0]]],0
0545.png,[0. 0. 0. 0.],[[[0 0 0]]],0
0546.png,[0. 0. 0. 0.],[[[0 0 0]]],0
0547.png,[0. 0. 0. 0.],[[[0 0 0]]],0
0548.png,[0. 0. 0. 0.],[[[0 0 0]]],0
0549.png,[0. 0. 0. 0.],[[[0 0 0]]],0
0550.png,[0. 0. 0. 0.],[[[0 0 0]]],0
0551.png,[0. 0. 0. 0.],[[[0 0 0]]],0
0552.png,[0. 0. 0. 0.],[[[0 0 0]]],0
0553.png,[0. 0. 0. 0.],[[[0 0 0]]],0
0554.png,[0. 0. 0. 0.],[[[0 0 0]]],0
0555.png,[0. 0. 0. 0.],[[[0 0 0]]],0
0556.png,[0. 0. 0. 0.],[[[0 0 0]]],0
0557.png,[0. 0. 0. 0.],[[[0 0 0]]],0
0558.png,[0. 0. 0. 0.],[[[0 0 0]]],0
0559.png,[0. 0. 0. 0.],[[[0 0 0]]],0
0560.png,[0. 0. 0. 0.],[[[0 0 0]]],0
0561.png,[0. 0. 0. 0.],[[[0 0 0]]],0
0562.png,[0. 0. 0. 0.],[[[0 0 0]]],0
0563.png,[0. 0. 0. 0.],[[[0 0 0]]],0
0564.png,[0. 0. 0. 0.],[[[0 0 0]]],0
0565.png,[0. 0. 0. 0.],[[[0 0 0]]],0
0566.png,[0. 0. 0. 0.],[[[0 0 0]]],0
0567.png,[0. 0. 0. 0.],[[[0 0 0]]],0
0568.png,[0. 0. 0. 0.],[[[0 0 0]]],0
0569.png,[0. 0. 0. 0.],[[[0 0 0]]],0
0570.png,[0. 0. 0. 0.],[[[0 0 0]]],0
0571.png,[0. 0. 0. 0.],[[[0 0 0]]],0
0572.png,[0. 0. 0. 0.],[[[0 0 0]]],0
0573.png,[0. 0. 0. 0.],[[[0 0 0]]],0
0574.png,[0. 0. 0. 0.],[[[0 0 0]]],0
0575.png,[0. 0. 0. 0.],[[[0 0 0]]],0
0576.png,[0. 0. 0. 0.],[[[0 0 0]]],0
0577.png,[0. 0. 0. 0.],[[[0 0 0]]],0
0578.png,[0. 0. 0. 0.],[[[0 0 0]]],0
0579.png,[0. 0. 0. 0.],[[[0 0 0]]],0
0580.png,[0. 0. 0. 0.],[[[0 0 0]]],0
0581.png,[0. 0. 0. 0.],[[[0 0 0]]],0
0582.png,[0. 0. 0. 0.],[[[0 0 0]]],0
0583.png,[0. 0. 0. 0.],[[[0 0 0]]],0
0584.png,[0. 0. 0. 0.],[[[0 0 0]]],0
0585.png,[0. 0. 0. 0.],[[[0 0 0]]],0
0586.png,[0. 0. 0. 0.],[[[0 0 0]]],0
0587.png,[0. 0. 0. 0.],[[[0 0 0]]],0
0588.png,[0. 0. 0. 0.],[[[0 0 0]]],0
0589.png,[0. 0. 0. 0.],[[[0 0 0]]],0
0590.png,[0. 0. 0. 0.],[[[0 0 0]]],0
0591.png,[0. 0. 0. 0.],[[[0 0 0]]],0
0592.png,[0. 0. 0. 0.],[[[0 0 0]]],0
0593.png,[0. 0. 0. 0.],[[[0 0 0]]],0
0594.png,[0. 0. 0. 0.],[[[0 0 0]]],0
0595.png,[0. 0. 0. 0.],[[[0 0 0]]],0
0596.png,[0. 0. 0. 0.],[[[0 0 0]]],0
0597.png,[0. 0. 0. 0.],[[[0 0 0]]],0
0598.png,[0. 0. 0. 0.],[[[0 0 0]]],0
0599.png,[0. 0. 0. 0.],[[[0 0 0]]],0
0600.png,[ 0.  4.  2. 25.],[[[ 45 255   4]]],45
0601.png,[0. 0. 0. 0.],[[[0 0 0]]],0
0602.png,[0. 0. 0. 0.],[[[0 0 0]]],0
0603.png,[0. 0. 0. 0.],[[[0 0 0]]],0
0604.png,[0. 0. 0. 0.],[[[0 0 0]]],0
0605.png,[0. 0. 0. 0.],[[[0 0 0]]],0
0606.png,[0. 0. 0. 0.],[[[0 0 0]]],0
0607.png,[0. 0. 0. 0.],[[[0 0 0]]],0
0608.png,[0. 0. 0. 0.],[[[0 0 0]]],0
0609.png,[0. 0. 0. 0.],[[[0 0 0]]],0
0610.png,[0. 0. 0. 0.],[[[0 0 0]]],0
0611.png,[0. 0. 0. 0.],[[[0 0 0]]],0
0612.png,[0. 0. 0. 0.],[[[0 0 0]]],0
0613.png,[0. 0. 0. 0.],[[[0 0 0]]],0
0614.png,[0. 0. 0. 0.],[[[0 0 0]]],0
0615.png,[0. 0. 0. 0.],[[[0 0 0]]],0
0616.png,[0. 0. 0. 0.],[[[0 0 0]]],0
0617.png,[0. 0. 0. 0.],[[[0 0 0]]],0
0618.png,[0. 0. 0. 0.],[[[0 0 0]]],0
0619.png,[0. 0. 0. 0.],[[[0 0 0]]],0
0620.png,[0. 0. 0. 0.],[[[0 0 0]]],0
0621.png,[0. 0. 0. 0.],[[[0 0 0]]],0
0622.png,[0. 0. 0. 0.],[[[0 0 0]]],0
0623.png,[0. 0. 0. 0.],[[[0 0 0]]],0
0624.png,[0. 0. 0. 0.],[[[0 0 0]]],0
0625.png,[0. 0. 0. 0.],[[[0 0 0]]],0
0626.png,[0. 0. 0. 0.],[[[0 0 0]]],0
0627.png,[0. 0. 0. 0.],[[[0 0 0]]],0
0628.png,[0. 0. 0. 0.],[[[0 0 0]]],0
0629.png,[0. 0. 0. 0.],[[[0 0 0]]],0
0630.png,[0. 0. 0. 0.],[[[0 0 0]]],0
0631.png,[0. 0. 0. 0.],[[[0 0 0]]],0
0632.png,[0. 0. 0. 0.],[[[0 0 0]]],0
0633.png,[0. 0. 0. 0.],[[[0 0 0]]],0
0634.png,[0. 0. 0. 0.],[[[0 0 0]]],0
0635.png,[0. 0. 0. 0.],[[[0 0 0]]],0
0636.png,[0. 0. 0. 0.],[[[0 0 0]]],0
0637.png,[0. 0. 0. 0.],[[[0 0 0]]],0
0638.png,[0. 0. 0. 0.],[[[0 0 0]]],0
0639.png,[0. 0. 0. 0.],[[[0 0 0]]],0
0640.png,[0. 0. 0. 0.],[[[0 0 0]]],0
0641.png,[0. 0. 0. 0.],[[[0 0 0]]],0
0642.png,[0. 0. 0. 0.],[[[0 0 0]]],0
0643.png,[0. 0. 0. 0.],[[[0 0 0]]],0
0644.png,[0. 0. 0. 0.],[[[0 0 0]]],0
0645.png,[0. 0. 0. 0.],[[[0 0 0]]],0
0646.png,[0. 0. 0. 0.],[[[0 0 0]]],0
0647.png,[0. 0. 0. 0.],[[[0 0 0]]],0
0648.png,[0. 0. 0. 0.],[[[0 0 0]]],0
0649.png,[0. 0. 0. 0.],[[[0 0 0]]],0
0001.png,[0. 0. 0. 0.],[[[0 0 0]]],0
0002.png,[0. 0. 0. 0.],[[[0 0 0]]],0
0001.png,[0. 0. 0. 0.],[[[0 0 0]]],0
0002.png,[0. 0. 0. 0.],[[[0 0 0]]],0
0006.png,[0. 0. 0. 0.],[[[0 0 0]]],0
