crop_0001.png,0
crop_0002.png,0
crop_0003.png,0
crop_0004.png,0
crop_0005.png,0
crop_0006.png,0
crop_0007.png,0
crop_0008.png,0
crop_0009.png,0
crop_0010.png,0
crop_0011.png,0
crop_0012.png,0
crop_0013.png,0
crop_0014.png,0
crop_0015.png,0
crop_0016.png,0
crop_0017.png,0
crop_0018.png,0
crop_0019.png,0
crop_0020.png,0
crop_0021.png,0
crop_0022.png,0
crop_0023.png,0
crop_0024.png,0
crop_0025.png,0
crop_0026.png,0
crop_0027.png,0
crop_0028.png,0
crop_0029.png,0
crop_0030.png,0
crop_0031.png,0
crop_0032.png,0
crop_0033.png,0
crop_0034.png,0
crop_0035.png,0
crop_0036.png,0
crop_0037.png,0
crop_0038.png,0
crop_0039.png,0
crop_0040.png,0
crop_0041.png,0
crop_0042.png,0
crop_0043.png,0
crop_0044.png,0
crop_0045.png,0
crop_0046.png,0
crop_0047.png,0
crop_0048.png,0
crop_0049.png,0
crop_0050.png,0
crop_0051.png,0
crop_0052.png,0
crop_0053.png,0
crop_0054.png,0
crop_0055.png,0
crop_0056.png,0
crop_0057.png,0
crop_0058.png,0
crop_0059.png,0
crop_0060.png,0
crop_0061.png,0
crop_0062.png,0
crop_0063.png,0
crop_0064.png,0
crop_0065.png,0
crop_0066.png,0
crop_0067.png,0
crop_0068.png,0
crop_0069.png,0
crop_0070.png,0
crop_0071.png,0
crop_0072.png,0
crop_0073.png,0
crop_0074.png,0
crop_0075.png,0
crop_0076.png,0
crop_0077.png,0
crop_0078.png,0
crop_0079.png,0
crop_0080.png,0
crop_0081.png,0
crop_0082.png,0
crop_0083.png,0
crop_0084.png,0
crop_0085.png,0
crop_0086.png,0
crop_0087.png,0
crop_0088.png,0
crop_0089.png,0
crop_0090.png,0
crop_0091.png,0
crop_0092.png,0
crop_0093.png,0
crop_0094.png,0
crop_0095.png,0
crop_0096.png,0
crop_0097.png,0
crop_0098.png,0
crop_0099.png,0
crop_0100.png,0
crop_0101.png,0
crop_0102.png,0
crop_0103.png,0
crop_0104.png,0
crop_0105.png,0
crop_0106.png,0
crop_0107.png,0
crop_0108.png,0
crop_0109.png,0
crop_0110.png,0
crop_0111.png,30
crop_0112.png,0
crop_0113.png,60
crop_0114.png,60
crop_0115.png,60
crop_0116.png,50
crop_0117.png,0
crop_0118.png,0
crop_0119.png,0
crop_0120.png,0
crop_0121.png,0
crop_0122.png,0
crop_0123.png,120
crop_0124.png,0
crop_0125.png,0
crop_0126.png,0
crop_0127.png,0
crop_0128.png,0
crop_0129.png,0
crop_0130.png,0
crop_0131.png,0
crop_0132.png,50
crop_0133.png,67
crop_0134.png,87
crop_0135.png,82
crop_0136.png,60
crop_0137.png,42
crop_0138.png,19
crop_0139.png,22
crop_0140.png,14
crop_0141.png,178
crop_0142.png,8
crop_0143.png,173
crop_0144.png,120
crop_0145.png,0
crop_0146.png,0
crop_0147.png,0
crop_0148.png,0
crop_0149.png,97
crop_0150.png,103
crop_0151.png,115
crop_0152.png,116
crop_0153.png,165
crop_0154.png,13
crop_0155.png,167
crop_0156.png,4
crop_0157.png,132
crop_0158.png,0
crop_0159.png,150
crop_0160.png,151
crop_0161.png,129
crop_0162.png,120
crop_0163.png,83
crop_0164.png,84
crop_0165.png,126
crop_0166.png,10
crop_0167.png,56
crop_0168.png,10
crop_0169.png,46
crop_0170.png,35
crop_0171.png,16
crop_0172.png,60
crop_0173.png,105
crop_0174.png,60
crop_0175.png,111
crop_0176.png,107
crop_0177.png,102
crop_0178.png,117
crop_0179.png,53
crop_0180.png,172
crop_0181.png,38
crop_0182.png,41
crop_0183.png,10
crop_0184.png,22
crop_0185.png,164
crop_0186.png,166
crop_0187.png,170
crop_0188.png,4
crop_0189.png,179
crop_0190.png,156
crop_0191.png,160
crop_0192.png,0
crop_0193.png,0
crop_0194.png,0
crop_0195.png,0
crop_0196.png,120
crop_0197.png,120
crop_0198.png,120
crop_0199.png,0
crop_0200.png,0
crop_0201.png,0
crop_0202.png,0
crop_0203.png,0
crop_0204.png,0
crop_0205.png,0
crop_0206.png,50
crop_0207.png,60
crop_0208.png,0
crop_0209.png,0
crop_0210.png,0
crop_0211.png,0
crop_0212.png,45
crop_0213.png,68
crop_0214.png,60
crop_0215.png,26
crop_0216.png,23
crop_0217.png,0
crop_0218.png,0
crop_0219.png,120
crop_0220.png,0
crop_0221.png,0
crop_0222.png,0
crop_0223.png,0
crop_0224.png,0
crop_0225.png,0
crop_0226.png,0
crop_0227.png,0
crop_0228.png,0
crop_0229.png,0
crop_0230.png,0
crop_0231.png,0
crop_0232.png,0
crop_0233.png,0
crop_0234.png,0
crop_0235.png,0
crop_0236.png,0
crop_0237.png,0
crop_0238.png,0
crop_0239.png,0
crop_0240.png,0
crop_0241.png,0
crop_0242.png,0
crop_0243.png,0
crop_0244.png,0
crop_0245.png,0
crop_0246.png,0
crop_0247.png,0
crop_0248.png,0
crop_0249.png,0
crop_0250.png,0
crop_0251.png,0
crop_0252.png,0
crop_0253.png,0
crop_0254.png,0
crop_0255.png,0
crop_0256.png,30
crop_0257.png,60
crop_0258.png,60
crop_0259.png,56
crop_0260.png,0
crop_0261.png,0
crop_0262.png,0
crop_0263.png,0
crop_0264.png,0
crop_0265.png,0
crop_0266.png,0
crop_0267.png,0
crop_0268.png,120
crop_0269.png,120
crop_0270.png,133
crop_0271.png,120
crop_0272.png,150
crop_0273.png,0
crop_0274.png,0
crop_0275.png,0
crop_0276.png,0
crop_0277.png,0
crop_0278.png,0
crop_0279.png,0
crop_0280.png,0
crop_0281.png,0
crop_0282.png,0
crop_0283.png,0
crop_0284.png,0
crop_0285.png,0
crop_0286.png,0
crop_0287.png,0
crop_0288.png,60
crop_0289.png,60
crop_0290.png,60
crop_0291.png,0
crop_0292.png,0
crop_0293.png,135
crop_0294.png,0
crop_0295.png,0
crop_0296.png,0
crop_0297.png,0
crop_0298.png,0
crop_0299.png,0
crop_0300.png,0
crop_0301.png,0
crop_0302.png,0
crop_0303.png,0
crop_0304.png,0
crop_0305.png,0
crop_0306.png,0
crop_0307.png,0
crop_0308.png,0
crop_0309.png,0
crop_0310.png,0
crop_0311.png,0
crop_0312.png,0
crop_0313.png,0
crop_0314.png,0
crop_0315.png,0
crop_0316.png,0
crop_0317.png,0
crop_0318.png,0
crop_0319.png,0
crop_0320.png,0
crop_0321.png,0
crop_0322.png,0
crop_0323.png,0
crop_0324.png,0
crop_0325.png,0
crop_0326.png,0
crop_0327.png,0
crop_0328.png,0
crop_0329.png,0
crop_0330.png,0
crop_0331.png,0
crop_0332.png,0
crop_0333.png,0
crop_0334.png,0
crop_0335.png,0
crop_0336.png,0
crop_0337.png,0
crop_0338.png,0
crop_0339.png,0
crop_0340.png,0
crop_0341.png,0
crop_0342.png,0
crop_0343.png,0
crop_0344.png,0
crop_0345.png,0
crop_0346.png,0
crop_0347.png,0
crop_0348.png,0
crop_0349.png,0
crop_0350.png,0
crop_0351.png,0
crop_0352.png,0
crop_0353.png,0
crop_0354.png,0
crop_0355.png,0
crop_0356.png,0
crop_0357.png,0
crop_0358.png,0
crop_0359.png,0
crop_0360.png,0
crop_0361.png,0
crop_0362.png,0
crop_0363.png,0
crop_0364.png,0
crop_0365.png,0
crop_0366.png,0
crop_0367.png,0
crop_0368.png,0
crop_0369.png,0
crop_0370.png,0
crop_0371.png,0
crop_0372.png,0
crop_0373.png,0
crop_0374.png,0
crop_0375.png,0
crop_0376.png,0
crop_0377.png,0
crop_0378.png,0
crop_0379.png,0
crop_0380.png,0
crop_0381.png,0
crop_0382.png,0
crop_0383.png,0
crop_0384.png,0
crop_0385.png,0
crop_0386.png,0
crop_0387.png,0
crop_0388.png,0
crop_0389.png,0
crop_0390.png,0
crop_0391.png,0
crop_0392.png,0
crop_0393.png,0
crop_0394.png,0
crop_0395.png,0
crop_0396.png,0
crop_0397.png,0
crop_0398.png,0
crop_0399.png,0
crop_0400.png,0
crop_0401.png,0
crop_0402.png,0
crop_0403.png,0
crop_0404.png,0
crop_0405.png,0
crop_0406.png,0
crop_0407.png,0
crop_0408.png,0
crop_0409.png,0
crop_0410.png,0
crop_0411.png,0
crop_0412.png,0
crop_0413.png,0
crop_0414.png,0
crop_0415.png,0
crop_0416.png,0
crop_0417.png,0
crop_0418.png,0
crop_0419.png,0
crop_0420.png,0
crop_0421.png,0
crop_0422.png,0
crop_0423.png,0
crop_0424.png,0
crop_0425.png,0
crop_0426.png,0
crop_0427.png,0
crop_0428.png,0
crop_0429.png,0
crop_0430.png,0
crop_0431.png,0
crop_0432.png,0
crop_0433.png,0
crop_0434.png,0
crop_0435.png,0
crop_0436.png,0
crop_0437.png,0
crop_0438.png,0
crop_0439.png,0
crop_0440.png,0
crop_0441.png,0
crop_0442.png,0
crop_0443.png,0
crop_0444.png,0
crop_0445.png,0
crop_0446.png,0
crop_0447.png,0
crop_0448.png,0
crop_0449.png,0
crop_0450.png,0
crop_0451.png,0
crop_0452.png,0
crop_0453.png,0
crop_0454.png,0
crop_0455.png,0
crop_0456.png,0
crop_0457.png,0
crop_0458.png,0
crop_0459.png,0
crop_0460.png,0
crop_0461.png,0
crop_0462.png,0
crop_0463.png,0
crop_0464.png,0
crop_0465.png,0
crop_0466.png,0
crop_0467.png,0
crop_0468.png,0
crop_0469.png,0
crop_0470.png,0
crop_0471.png,0
crop_0472.png,0
crop_0473.png,0
crop_0474.png,0
crop_0475.png,0
crop_0476.png,0
crop_0477.png,0
crop_0478.png,0
crop_0479.png,0
crop_0480.png,0
crop_0481.png,0
crop_0482.png,0
crop_0483.png,0
crop_0484.png,0
crop_0485.png,0
crop_0486.png,0
crop_0487.png,0
crop_0488.png,0
crop_0489.png,0
crop_0490.png,0
crop_0491.png,0
crop_0492.png,0
crop_0493.png,0
crop_0494.png,0
crop_0495.png,0
crop_0496.png,0
crop_0497.png,0
crop_0498.png,0
crop_0499.png,0
crop_0500.png,0
crop_0501.png,0
crop_0502.png,0
crop_0503.png,0
crop_0504.png,0
crop_0505.png,0
crop_0506.png,0
crop_0507.png,0
crop_0508.png,0
crop_0509.png,0
crop_0510.png,0
crop_0511.png,0
crop_0512.png,0
crop_0513.png,0
crop_0514.png,0
crop_0515.png,0
crop_0516.png,0
crop_0517.png,0
crop_0518.png,0
crop_0519.png,0
crop_0520.png,0
crop_0521.png,0
crop_0522.png,0
crop_0523.png,0
crop_0524.png,0
crop_0525.png,0
crop_0526.png,0
crop_0527.png,0
crop_0528.png,0
crop_0529.png,0
crop_0530.png,0
crop_0531.png,0
crop_0532.png,0
crop_0533.png,0
crop_0534.png,0
crop_0535.png,0
crop_0536.png,0
crop_0537.png,0
crop_0538.png,0
crop_0539.png,0
crop_0540.png,0
crop_0541.png,0
crop_0542.png,0
crop_0543.png,0
crop_0544.png,0
crop_0545.png,0
crop_0546.png,0
crop_0547.png,0
crop_0548.png,0
crop_0549.png,0
crop_0550.png,0
crop_0551.png,0
crop_0552.png,0
crop_0553.png,0
crop_0554.png,0
crop_0555.png,0
crop_0556.png,0
crop_0557.png,0
crop_0558.png,0
crop_0559.png,0
crop_0560.png,0
crop_0561.png,0
crop_0562.png,0
crop_0563.png,0
crop_0564.png,0
crop_0565.png,0
crop_0566.png,0
crop_0567.png,0
crop_0568.png,0
crop_0569.png,0
crop_0570.png,0
crop_0571.png,0
crop_0572.png,0
crop_0573.png,0
crop_0574.png,0
crop_0575.png,0
crop_0576.png,0
crop_0577.png,0
crop_0578.png,0
crop_0579.png,0
crop_0580.png,0
crop_0581.png,0
crop_0582.png,0
crop_0583.png,0
crop_0584.png,0
crop_0585.png,0
crop_0586.png,0
crop_0587.png,0
crop_0588.png,0
crop_0589.png,0
crop_0590.png,0
crop_0591.png,0
crop_0592.png,0
crop_0593.png,0
crop_0594.png,0
crop_0595.png,0
crop_0596.png,0
crop_0597.png,0
crop_0598.png,0
crop_0599.png,0
crop_0600.png,0
crop_0601.png,0
crop_0602.png,0
crop_0603.png,0
crop_0604.png,0
crop_0605.png,0
crop_0606.png,0
crop_0607.png,0
crop_0608.png,0
crop_0609.png,0
crop_0610.png,0
crop_0611.png,0
crop_0612.png,0
crop_0613.png,0
crop_0614.png,0
crop_0615.png,0
crop_0616.png,0
crop_0617.png,0
crop_0618.png,0
crop_0619.png,0
crop_0620.png,0
crop_0621.png,0
crop_0622.png,0
crop_0623.png,0
crop_0624.png,0
crop_0625.png,0
crop_0626.png,0
crop_0627.png,0
crop_0628.png,0
crop_0629.png,0
crop_0630.png,0
crop_0631.png,0
crop_0632.png,0
crop_0633.png,0
crop_0634.png,0
crop_0635.png,0
crop_0636.png,0
crop_0637.png,0
crop_0638.png,0
crop_0639.png,0
crop_0640.png,0
crop_0641.png,0
crop_0642.png,0
crop_0643.png,0
crop_0644.png,0
crop_0645.png,0
crop_0646.png,0
crop_0647.png,0
crop_0648.png,0
crop_0649.png,0
crop_0650.png,0
crop_0651.png,0
crop_0652.png,0
crop_0653.png,0
crop_0654.png,0
crop_0655.png,0
crop_0656.png,0
crop_0657.png,0
crop_0658.png,0
crop_0659.png,0
crop_0660.png,60
crop_0661.png,0
crop_0662.png,30
crop_0663.png,0
crop_0664.png,0
crop_0665.png,0
crop_0666.png,0
crop_0667.png,0
crop_0668.png,0
crop_0669.png,0
crop_0670.png,0
crop_0671.png,0
crop_0672.png,0
crop_0673.png,0
crop_0674.png,0
crop_0675.png,0
crop_0676.png,0
crop_0677.png,0
crop_0678.png,0
crop_0679.png,0
crop_0680.png,0
crop_0681.png,0
crop_0682.png,0
crop_0683.png,0
crop_0684.png,0
crop_0685.png,0
crop_0686.png,0
crop_0687.png,0
crop_0688.png,0
crop_0689.png,0
crop_0690.png,0
crop_0691.png,0
crop_0692.png,0
crop_0693.png,0
crop_0694.png,0
crop_0695.png,0
crop_0696.png,0
crop_0697.png,0
crop_0698.png,0
crop_0699.png,0
crop_0700.png,0
crop_0701.png,0
crop_0702.png,0
crop_0703.png,0
crop_0704.png,0
crop_0705.png,0
crop_0706.png,0
crop_0707.png,0
crop_0708.png,0
crop_0709.png,0
crop_0710.png,0
crop_0711.png,0
crop_0712.png,0
crop_0713.png,0
crop_0714.png,0
crop_0715.png,0
crop_0716.png,0
crop_0717.png,0
crop_0718.png,0
crop_0719.png,0
crop_0720.png,0
crop_0721.png,0
crop_0722.png,0
crop_0723.png,0
crop_0724.png,0
crop_0725.png,0
crop_0726.png,0
crop_0727.png,0
crop_0728.png,0
crop_0729.png,0
crop_0730.png,0
crop_0731.png,0
crop_0732.png,0
crop_0733.png,0
crop_0734.png,0
crop_0735.png,0
crop_0736.png,0
crop_0737.png,0
crop_0738.png,0
crop_0739.png,0
crop_0740.png,0
crop_0741.png,0
crop_0742.png,0
crop_0743.png,0
crop_0744.png,0
crop_0745.png,0
crop_0746.png,0
crop_0747.png,0
crop_0748.png,0
crop_0749.png,0
crop_0750.png,0
crop_0751.png,0
crop_0752.png,0
crop_0753.png,0
crop_0754.png,0
crop_0755.png,0
crop_0756.png,0
crop_0757.png,0
crop_0758.png,0
crop_0759.png,0
crop_0760.png,0
crop_0761.png,0
crop_0762.png,0
crop_0763.png,0
crop_0764.png,0
crop_0765.png,0
crop_0766.png,0
crop_0767.png,0
crop_0768.png,0
crop_0769.png,0
crop_0770.png,0
crop_0771.png,0
crop_0772.png,0
crop_0773.png,0
crop_0774.png,0
crop_0775.png,0
crop_0776.png,0
crop_0777.png,0
crop_0778.png,120
crop_0779.png,0
crop_0780.png,120
crop_0781.png,120
crop_0782.png,120
crop_0783.png,0
crop_0784.png,0
crop_0785.png,0
crop_0786.png,0
crop_0787.png,0
crop_0788.png,0
crop_0789.png,0
crop_0790.png,0
crop_0791.png,0
crop_0792.png,0
crop_0793.png,0
crop_0794.png,0
crop_0795.png,0
crop_0796.png,0
crop_0797.png,0
crop_0798.png,0
crop_0799.png,0
crop_0800.png,0
crop_0801.png,0
crop_0802.png,0
crop_0803.png,0
crop_0804.png,0
crop_0805.png,0
crop_0806.png,0
crop_0807.png,0
crop_0808.png,120
crop_0809.png,0
crop_0810.png,0
crop_0811.png,0
crop_0812.png,0
crop_0813.png,0
crop_0814.png,0
crop_0815.png,0
crop_0816.png,0
crop_0817.png,0
crop_0818.png,0
crop_0819.png,0
crop_0820.png,0
crop_0821.png,0
crop_0822.png,0
crop_0823.png,0
crop_0824.png,0
crop_0825.png,0
crop_0826.png,0
crop_0827.png,0
crop_0828.png,0
crop_0829.png,0
crop_0830.png,0
crop_0831.png,0
crop_0832.png,0
crop_0833.png,0
crop_0834.png,0
crop_0835.png,0
crop_0836.png,0
crop_0837.png,0
crop_0838.png,0
crop_0839.png,0
crop_0840.png,0
crop_0841.png,0
crop_0842.png,0
crop_0843.png,0
crop_0844.png,0
crop_0845.png,0
crop_0846.png,0
crop_0847.png,0
crop_0848.png,0
crop_0849.png,0
crop_0850.png,0
crop_0851.png,0
crop_0852.png,0
crop_0853.png,0
crop_0854.png,0
crop_0855.png,0
crop_0856.png,0
crop_0857.png,0
crop_0858.png,0
crop_0859.png,0
crop_0860.png,0
crop_0861.png,0
crop_0862.png,0
crop_0863.png,0
crop_0864.png,0
crop_0865.png,0
crop_0866.png,0
crop_0867.png,0
crop_0868.png,0
crop_0869.png,0
crop_0870.png,0
crop_0871.png,0
crop_0872.png,0
crop_0873.png,0
crop_0874.png,0
crop_0875.png,0
crop_0876.png,0
crop_0877.png,0
crop_0878.png,0
crop_0879.png,0
crop_0880.png,0
crop_0881.png,0
crop_0882.png,0
crop_0883.png,0
crop_0884.png,0
crop_0885.png,0
crop_0886.png,0
crop_0887.png,0
crop_0888.png,0
crop_0889.png,0
crop_0890.png,0
crop_0891.png,0
crop_0892.png,0
crop_0893.png,0
crop_0894.png,0
crop_0895.png,0
crop_0896.png,0
crop_0897.png,0
crop_0898.png,0
crop_0899.png,0
crop_0900.png,0
crop_0901.png,0
crop_0902.png,0
crop_0903.png,0
crop_0904.png,0
crop_0905.png,0
crop_0906.png,0
crop_0907.png,0
crop_0908.png,0
crop_0909.png,0
crop_0910.png,0
crop_0911.png,0
crop_0912.png,0
crop_0913.png,0
crop_0914.png,0
crop_0915.png,0
crop_0916.png,0
crop_0917.png,0
crop_0918.png,0
crop_0919.png,0
crop_0920.png,0
crop_0921.png,0
crop_0922.png,0
crop_0923.png,0
crop_0924.png,0
crop_0925.png,0
crop_0926.png,0